{
  "project_info": {
    "project_number": "595872833179",
    "project_id": "hermes-51ceb",
    "storage_bucket": "hermes-51ceb.appspot.com"
  },
  "client": [
    {
      "client_info": {
        "mobilesdk_app_id": "1:595872833179:android:82c3613f82288efa58f03e",
        "android_client_info": {
          "package_name": "com.example.hermes"
        }
      },
      "oauth_client": [
        {
          "client_id": "595872833179-40dts4o9k7rbs52uk0uilgc2btp4um25.apps.googleusercontent.com",
          "client_type": 3
        }
      ],
      "api_key": [
        {
          "current_key": "AIzaSyCklUTWfZZnk0aVQrgHmdfZcQF4oC8JYYI"
        }
      ],
      "services": {
        "appinvite_service": {
          "other_platform_oauth_client": [
            {
              "client_id": "595872833179-40dts4o9k7rbs52uk0uilgc2btp4um25.apps.googleusercontent.com",
              "client_type": 3
            }
          ]
        }
      }
    }
  ],
  "configuration_version": "1"
}